{
  "processed": [
    "paris",
    "nice",
    "french-riviera",
    "rome",
    "venice",
    "florence",
    "amalfi-coast",
    "barcelona",
    "madrid",
    "seville",
    "marbella",
    "mallorca",
    "ibiza",
    "athens",
    "santorini",
    "mykonos",
    "crete",
    "lisbon",
    "porto",
    "madeira",
    "london",
    "edinburgh",
    "amsterdam",
    "berlin",
    "munich",
    "zurich",
    "interlaken",
    "dubrovnik",
    "split",
    "prague",
    "vienna",
    "budapest",
    "reykjavik",
    "oslo",
    "lofoten-islands",
    "the-hague",
    "nijmegen",
    "groningen",
    "gouda",
    "arnhem",
    "leeuwarden",
    "maastricht",
    "haarlem",
    "middelburg",
    "alkmaar",
    "utrecht",
    "eindhoven",
    "enkhuizen",
    "dordrecht",
    "leiden",
    "new-york-city",
    "los-angeles",
    "las-vegas",
    "miami",
    "orlando",
    "san-francisco",
    "chicago",
    "honolulu",
    "washington-dc",
    "nashville",
    "new-orleans",
    "denver",
    "sedona",
    "toronto",
    "vancouver",
    "montreal",
    "banff",
    "quebec-city",
    "cancun",
    "tulum",
    "playa-del-carmen",
    "mexico-city",
    "cabo-san-lucas",
    "puerto-vallarta",
    "oaxaca",
    "kralendijk",
    "st-johns",
    "dominican-republic",
    "bahamas",
    "new-providence-island",
    "isla-verde",
    "five-islands-village",
    "black-river",
    "port-antonio",
    "utuado",
    "luquillo",
    "providenciales",
    "kingston",
    "arecibo",
    "scarborough",
    "grand-bahama-island",
    "great-exuma",
    "falmouth",
    "vinh-long",
    "speyside",
    "vieques",
    "cabarete",
    "philadelphia",
    "maine",
    "durango",
    "monterey-carmel",
    "tallinn",
    "jalisco",
    "milwaukee",
    "anchorage",
    "mazatlan",
    "old-orchard-beach",
    "vieux-montreal-old-montreal",
    "kentucky",
    "colorado-springs",
    "minneapolis-saint-paul",
    "charleston",
    "minnesota",
    "dennery",
    "bloomington",
    "boston",
    "oahu",
    "maui",
    "kauai",
    "baltimore",
    "bar-harbor",
    "big-island-of-hawaii",
    "utah",
    "new-mexico",
    "guerrero",
    "virginia",
    "veracruz",
    "riviera-maya-the-yucatan",
    "idaho",
    "arkansas",
    "new-york",
    "michigan",
    "phoenix",
    "wisconsin",
    "acapulco",
    "ithaca",
    "long-beach",
    "panama-city-beach",
    "usa",
    "lanai",
    "mexico",
    "canada",
    "olympia",
    "texas",
    "tennessee",
    "south-carolina",
    "pennsylvania",
    "detroit",
    "bermuda",
    "lexington",
    "maryland",
    "louisiana",
    "norwalk",
    "illinois",
    "hawaii",
    "florida",
    "colorado",
    "california",
    "arizona",
    "alaska",
    "portland",
    "oregon",
    "boise",
    "ketchikan",
    "juneau",
    "page",
    "quebec",
    "british-columbia",
    "guadalajara",
    "lake-tahoe",
    "grand-canyon-national-park",
    "massachusetts",
    "nevada",
    "savannah",
    "sinaloa",
    "north-carolina",
    "madison",
    "monument-valley",
    "dallas",
    "harlem",
    "yosemite-national-park",
    "austin",
    "rockaway-beach",
    "kelleys-island",
    "st-croix",
    "the-adirondacks",
    "lafayette",
    "the-catskills",
    "the-berkshires",
    "marthas-vineyard",
    "nanaimo",
    "kennebunkport",
    "niagara-falls",
    "fraser-valley",
    "chichen-itza",
    "bacalar",
    "guanajuato-city",
    "big-bear",
    "mendocino",
    "eureka-springs",
    "little-rock",
    "lake-havasu",
    "chihuahua",
    "grand-rapids",
    "caribbean-coast",
    "west-palm-beach",
    "temecula",
    "pointe-a-pitre",
    "molokai",
    "huasca-de-ocampo",
    "louisville",
    "indianapolis",
    "fort-myers",
    "merida",
    "houston",
    "us-virgin-islands",
    "wisconsin-dells",
    "bryce-canyon-national-park",
    "marfa",
    "frankfort",
    "traverse-city",
    "puerto-escondido",
    "yellowknife",
    "northwest-territories",
    "nicaragua",
    "new-jersey",
    "asheville",
    "panama",
    "guatemala",
    "hayward",
    "san-diego",
    "mt-rainier-national-park",
    "chiapas",
    "st-maarten",
    "st-thomas",
    "nevis",
    "estes-park",
    "halifax",
    "seattle",
    "santa-monica",
    "skagway",
    "raleigh",
    "st-kitts",
    "cincinnati",
    "san-antonio",
    "bronx",
    "staten-island",
    "queens",
    "custer",
    "saratoga-springs",
    "newport-beach",
    "jamestown",
    "gatlinburg",
    "omaha",
    "windsor",
    "trois-rivieres",
    "guanajuato",
    "san-miguel-de-allende",
    "san-juan-islands",
    "baja-california",
    "upper-peninsula",
    "telluride",
    "vancouver-island",
    "willamette-valley",
    "aspen",
    "atlixco",
    "palenque",
    "san-cristbal-de-las-casas",
    "tadoussac",
    "bend",
    "brooklyn",
    "muskoka-district",
    "puebla-city",
    "washington",
    "oaxaca-city",
    "richmond",
    "nayarit",
    "manitoba",
    "outer-banks",
    "ontario",
    "nova-scotia",
    "paso-robles",
    "alberta",
    "cape-cod",
    "white-mountains",
    "everglades-national-park",
    "charlotte",
    "crater-lake-national-park",
    "fairbanks",
    "great-smoky-mountains-national-park",
    "wyoming",
    "chattanooga",
    "rhode-island",
    "jackson-hole",
    "death-valley-national-park",
    "rocky-mountain-national-park",
    "baja-california-sur",
    "pacific-coast",
    "amarillo",
    "salem",
    "yellowstone-national-park",
    "dana-point",
    "newport",
    "missouri",
    "galveston",
    "myrtle-beach",
    "seward",
    "mobile",
    "honduras",
    "santa-barbara",
    "atlantic-coast",
    "tampa",
    "key-west",
    "fort-lauderdale",
    "ohio",
    "north-dakota",
    "new-hampshire",
    "nebraska",
    "montana",
    "mississippi",
    "vermont",
    "indiana",
    "long-island",
    "clearwater",
    "connecticut",
    "alabama",
    "central-valley",
    "salt-lake-city",
    "palm-springs",
    "huatulco",
    "yukon",
    "st-barthelemy",
    "haiti",
    "cozumel",
    "whitehorse",
    "kenai",
    "los-cabos",
    "prince-edward-island",
    "san-luis-potos",
    "whistler",
    "victoria",
    "philipsburg",
    "grand-case",
    "gettysburg",
    "stowe",
    "newark",
    "zion-national-park",
    "albuquerque",
    "barrie",
    "moab",
    "st-augustine",
    "calgary",
    "tucson",
    "grand-teton-national-park",
    "new-brunswick",
    "folly-beach",
    "isle-of-palms",
    "seaside",
    "lincoln-city",
    "gros-islet",
    "tulsa",
    "carolina-beach",
    "big-sky",
    "ruidoso",
    "kalamazoo",
    "the-lake-of-the-ozarks",
    "nantucket",
    "scottsdale",
    "rio-lagartos",
    "morelia",
    "blue-ridge",
    "tybee-island",
    "sequoia-and-kings-canyon-national-park",
    "hot-springs",
    "tombstone",
    "prescott",
    "orange-beach",
    "fredericksburg",
    "mount-pleasant",
    "franklin",
    "erie",
    "winston-salem",
    "gardiner",
    "breckenridge",
    "pismo-beach",
    "kingman",
    "claypool",
    "bowling-green",
    "atlantic-city",
    "cleveland",
    "kansas-city",
    "west-end",
    "el-paso",
    "montgomery",
    "healdsburg",
    "oakland",
    "chignahuapan",
    "annapolis",
    "petn",
    "algonquin-provincial-park",
    "pacific-highlands",
    "western-highlands",
    "pemberton",
    "nelson",
    "sevierville",
    "westchester-county",
    "catalina-island",
    "west-glacier",
    "duck-creek",
    "port-aransas",
    "huntsville",
    "miramar",
    "chinle",
    "big-bend-national-park",
    "sioux-falls",
    "cooperstown",
    "boulder",
    "cody",
    "bozeman",
    "diamond-valley",
    "morelos",
    "sacramento",
    "roanoke",
    "caon-city",
    "vail",
    "kelowna-okanagan-valley",
    "kootenay-rockies",
    "eugene",
    "stockton",
    "isla-mujeres",
    "fresno",
    "edmonton",
    "sturgeon-bay",
    "leavenworth",
    "olympic-national-park",
    "cape-canaveral",
    "killington",
    "provo",
    "virgin-river",
    "ogden",
    "monterrey",
    "williamsburg",
    "mission-beach",
    "redondo-beach",
    "cape-breton-island",
    "kejimkujik-national-park",
    "hartford",
    "west-yellowstone",
    "punta-sam",
    "san-jose-del-cabo",
    "xilitla",
    "villahermosa",
    "ciudad-valles",
    "san-luis-potosi-city",
    "ventura",
    "winnipeg",
    "buena-vista",
    "san-juan-del-sur",
    "reno",
    "south-dakota",
    "virginia-beach",
    "burlington",
    "rapid-city",
    "san-pedro-la-laguna",
    "biloxi",
    "sitka",
    "norfolk",
    "mccarthy",
    "hamilton",
    "la-libertad",
    "branson",
    "camden",
    "waco",
    "marble-falls",
    "malibu",
    "oklahoma",
    "kansas",
    "iowa",
    "west-virginia",
    "jasper",
    "ottawa",
    "billings",
    "frederick",
    "capitol-reef-national-park",
    "mackinaw-city",
    "saint-john",
    "pittsburgh",
    "golden-isles",
    "hopewell-cape",
    "pensacola",
    "tijuana",
    "ensenada",
    "hoonah",
    "idaho-springs",
    "bucerias",
    "colima",
    "daytona-beach",
    "cocoa-beach",
    "destin",
    "pocono-mountains",
    "cuetzalan-del-progreso",
    "tegucigalpa",
    "peterborough-the-kawarthas",
    "mont-tremblant",
    "hilton-head-island",
    "chelan",
    "corpus-christi",
    "oklahoma-city",
    "delaware",
    "kamloops",
    "whittier",
    "rehoboth-beach",
    "nuuk",
    "crystal-river",
    "jersey-city",
    "frederiksted",
    "cruz-bay",
    "ocean-city",
    "newfoundland-labrador",
    "mccall",
    "new-hope",
    "jackson",
    "kihei",
    "knoxville",
    "charlottetown",
    "sausalito",
    "fort-collins",
    "gulf-shores",
    "laguna-beach",
    "isla-holbox",
    "wilmington",
    "ashland",
    "muskoka-lakes",
    "tallahassee",
    "clayton",
    "canmore",
    "hershey",
    "rochester",
    "campeche",
    "santa-ana",
    "rosarito",
    "gainesville",
    "steamboat-springs",
    "mammoth-lakes",
    "soldotna",
    "tuxtla-gutirrez",
    "key-largo",
    "islamorada",
    "french-quarter",
    "midtown",
    "carlsbad",
    "boone",
    "charlottesville",
    "acajutla",
    "orillia",
    "glenwood-springs",
    "new-haven",
    "fayetteville",
    "new-london",
    "columbus",
    "zacatlan",
    "cape-may",
    "taos",
    "harrisburg",
    "healy",
    "mismaloya",
    "manassas",
    "santa-rosa",
    "green-bay-door-county",
    "port-angeles",
    "south-padre-island",
    "ixtapa",
    "sarasota",
    "lake-george",
    "duluth",
    "progreso",
    "manzanillo",
    "todos-santos",
    "kingstown",
    "st-vincent-and-the-grenadines",
    "trois-ilets",
    "providence",
    "collingwood",
    "revelstoke",
    "fort-de-france",
    "vero-beach",
    "fort-worth",
    "zacatecas",
    "st-george",
    "anse-la-raye",
    "la-jolla",
    "san-jose",
    "la-fortuna",
    "manuel-antonio",
    "panama-city",
    "bocas-del-toro",
    "cartagena",
    "medellin",
    "bogota",
    "lima",
    "cusco",
    "machu-picchu",
    "rio-de-janeiro",
    "sao-paulo",
    "salvador",
    "buenos-aires",
    "mendoza",
    "bariloche",
    "santiago",
    "patagonia",
    "quito",
    "galapagos-islands",
    "belize-city",
    "san-pedro",
    "antigua",
    "lake-atitlan",
    "punta-del-este",
    "paraty",
    "chile",
    "brazil",
    "argentina",
    "tungurahua-province",
    "the-pampas",
    "southeast-brazil",
    "uruguay",
    "peru",
    "villa-cerro-castillo",
    "baltra",
    "huacho",
    "los-glaciares-national-park",
    "uyuni",
    "altiplano",
    "concepcion",
    "santo-amaro-do-maranhao",
    "puerto-iguazu",
    "foz-do-iguacu",
    "punta-arenas",
    "ecuador",
    "northeast-brazil",
    "belem",
    "bonito",
    "ushuaia",
    "mindo",
    "puerto-natales",
    "nursling",
    "manu-national-park",
    "valparaso",
    "south-brazil",
    "nauta",
    "barranquilla",
    "puerto-maldonado",
    "la-paz",
    "bolivia",
    "saquisili",
    "amazon",
    "san-pedro-de-atacama",
    "northwest-argentina",
    "salta",
    "chiclayo",
    "puebla",
    "trujillo",
    "north-coast",
    "buenos-aires-province",
    "pifo",
    "montevideo",
    "salvador-da-bahia",
    "french-guiana",
    "iquitos",
    "nueva-loja",
    "brotas",
    "maragogi",
    "joo-pessoa",
    "barichara",
    "campos-do-jordao",
    "palmeiras",
    "mangaratiba",
    "cochabamba",
    "san-salvador-de-jujuy",
    "so-luis-do-maranho",
    "las-condes",
    "tilcara",
    "marigot-bay",
    "villa-la-angostura",
    "calama",
    "puerto-lopez",
    "puerto-villamil",
    "manizales",
    "cabanaconde",
    "porto-belo",
    "san-gil",
    "villa-de-leyva",
    "neiva",
    "isla-baru",
    "jardin",
    "manaus",
    "puerto-montt",
    "el-calafate",
    "misahualli",
    "brasilia",
    "central-brazil",
    "pisco-elqui",
    "temuco",
    "huacachina",
    "talcahuano",
    "pasto",
    "mar-del-plata",
    "vina-del-mar",
    "ayacucho",
    "ibague",
    "florianopolis",
    "santa-cruz",
    "chivay",
    "suriname",
    "san-cristobal",
    "isabela",
    "puerto-ayora",
    "baos",
    "riohacha",
    "bento-goncalves",
    "guarulhos",
    "palmas",
    "canela",
    "barreirinhas",
    "copacabana",
    "belo-horizonte",
    "ica",
    "arequipa",
    "napo-province",
    "falkland-islands",
    "dagua",
    "pastaza-province",
    "paracas",
    "paramaribo",
    "chachapoyas",
    "tarapoto",
    "huaraz",
    "iquique",
    "fortaleza",
    "santa-marta",
    "puno",
    "porto-seguro",
    "lethem",
    "asuncin",
    "balneario-camboriu",
    "tena",
    "andes",
    "sacred-valley",
    "san-andrs",
    "san-antonio-de-los-cobres",
    "rivas-department",
    "cotopaxi-province",
    "la-boquilla",
    "gramado",
    "cuiab",
    "porto-de-galinhas",
    "leticia",
    "puerto-varas",
    "fernando-de-noronha",
    "jericoacoara",
    "puyo",
    "rurrenabaque",
    "mendoza-province",
    "riobamba",
    "ezeiza",
    "itajai",
    "santos",
    "lencois",
    "macei",
    "ilha-grande",
    "puerto-madryn",
    "santarem",
    "bucaramanga",
    "georgetown",
    "cajamarca",
    "vila-do-abraao",
    "apurimac-region",
    "valdivia",
    "pucn",
    "san-miguel-de-tucumn",
    "vallegrande",
    "boca-raton",
    "salento",
    "lamay",
    "castro",
    "colonia-del-sacramento",
    "coca",
    "el-alto",
    "olinda",
    "curitiba",
    "bzios",
    "chimborazo-province",
    "potos",
    "corrientes-province",
    "la-rioja-province",
    "palatupana",
    "maipu",
    "isla-chiloe",
    "lujan-de-cuyo",
    "pisco",
    "otavalo",
    "pereira",
    "manta",
    "guayaquil",
    "colon",
    "cafayate",
    "natal",
    "arraial-do-cabo",
    "sucre",
    "puerto-chacabuco",
    "la-serena",
    "arica",
    "antofagasta",
    "nazca",
    "bento-goncalves",
    "puno",
    "porto-seguro",
    "andes",
    "aruba",
    "curacao",
    "st-lucia",
    "barbados",
    "jamaica",
    "punta-cana",
    "santo-domingo",
    "nassau",
    "exuma",
    "puerto-rico",
    "turks-and-caicos",
    "grenada",
    "st-martin",
    "bonaire",
    "cayman-islands",
    "antigua-and-barbuda",
    "trinidad-and-tobago",
    "british-virgin-islands",
    "st-kitts-and-nevis",
    "martinique",
    "guadeloupe",
    "san-juan",
    "montserrat",
    "grand-turk",
    "anguilla",
    "culebra",
    "negril",
    "montego-bay",
    "st-john",
    "dominica",
    "eleuthera",
    "lucea",
    "tortola",
    "palm-eagle-beach",
    "the-cayes",
    "barahona",
    "porta-del-sol",
    "seven-mile-beach",
    "basse-terre-island",
    "george-town",
    "st-georges",
    "grand-anse",
    "grand-cayman",
    "vieux-fort",
    "bridgetown",
    "cap-estate",
    "oranjestad",
    "boscobel",
    "saman",
    "ocho-rios",
    "freeport",
    "soufriere",
    "rodney-bay",
    "castries",
    "tobago",
    "trinidad",
    "las-terrenas",
    "speightstown",
    "fajardo",
    "costa-maya",
    "out-islands",
    "tokyo",
    "kyoto",
    "osaka",
    "hiroshima",
    "hokkaido",
    "bangkok",
    "chiang-mai",
    "phuket",
    "krabi",
    "koh-samui",
    "bali",
    "jakarta",
    "yogyakarta",
    "gili-islands",
    "hanoi",
    "ho-chi-minh-city",
    "hoi-an",
    "halong-bay",
    "kuala-lumpur",
    "langkawi",
    "penang",
    "singapore",
    "beijing",
    "shanghai",
    "xian",
    "guilin",
    "seoul",
    "busan",
    "jeju-island",
    "manila",
    "cebu",
    "palawan",
    "boracay",
    "new-delhi",
    "jaipur",
    "mumbai",
    "goa",
    "kerala",
    "melbourne",
    "cairns",
    "gold-coast",
    "perth",
    "auckland",
    "queenstown",
    "rotorua",
    "wellington",
    "nadi",
    "denarau-island",
    "bora-bora",
    "tahiti",
    "moorea",
    "mamanuca-islands",
    "dalanzadgad",
    "dhampus",
    "koh-tao",
    "nusa-penida",
    "nikko",
    "gangwon",
    "jagat",
    "kanto",
    "kyrgyzstan",
    "chubu",
    "kansai",
    "kyoto-prefecture",
    "hau-thao",
    "phnom-penh",
    "kanazawa",
    "nagano-prefecture",
    "ishikawa-prefecture",
    "bangalore",
    "macau-sar",
    "kanagawa-prefecture",
    "chiba-prefecture",
    "tochigi-prefecture",
    "angkor-wat",
    "gyeongju",
    "sam",
    "cook-islands",
    "south-korea",
    "chiba",
    "nepal",
    "hakone",
    "okinawa",
    "gapyeong-gun",
    "incheon",
    "nagoya",
    "con-dao-islands",
    "con-son",
    "izumisano",
    "tad-lo",
    "kolkata",
    "west-bengal",
    "fujiyoshida",
    "skardu",
    "nara",
    "arkhangai-province",
    "bayan-olgii-province",
    "udawalawa",
    "miyajima",
    "miyagi-prefecture",
    "akita-prefecture",
    "dunhuang",
    "zhangjiajie",
    "ulaanbaatar",
    "varanasi",
    "uttar-pradesh",
    "dhaka",
    "namba",
    "suzhou",
    "nusa-dua",
    "yichang",
    "chitwan-district",
    "himeji",
    "ko-phi-phi-don",
    "darjeeling",
    "batam-center",
    "rangiroa",
    "gilgit",
    "visayas",
    "koror",
    "rudra-prayag",
    "cat-ba",
    "pokhara",
    "vietnam",
    "ba-be",
    "kaza",
    "malaysia",
    "kushinagar",
    "dujiangyan",
    "paro",
    "amritsar",
    "punjab",
    "khao-sok-national-park",
    "kathmandu",
    "chengdu",
    "southern-thailand-and-andaman-coast",
    "northwest-china",
    "southern-china",
    "nha-trang",
    "yangtze-river",
    "da-nang",
    "wakayama",
    "nagasaki",
    "northern-china",
    "maldives",
    "sumatra",
    "xiamen",
    "nuwara-eliya",
    "jakar",
    "bohol",
    "philippines",
    "diu",
    "pak-beng",
    "da-lat",
    "harbin",
    "kobe",
    "seminyak",
    "gorkha",
    "samarkand",
    "shamakhi",
    "tianjin",
    "sylhet",
    "chisapani",
    "khiva",
    "khorog",
    "siargao-island",
    "nghia-lo",
    "lao-chai",
    "nanjo",
    "fergana",
    "sorsogon",
    "tongyeong",
    "moreton-island",
    "ayodhya",
    "north-goa-district",
    "sapa",
    "rajgir",
    "urgup",
    "ladakh",
    "tsetserleg",
    "sokcho",
    "karimabad",
    "daman-and-diu",
    "tiruvannamalai",
    "otsu",
    "yomitan-son",
    "uji",
    "matsushima-machi",
    "ella",
    "khumjung",
    "chiang-rai",
    "taipei",
    "kuching",
    "sarawak",
    "siem-reap",
    "vientiane",
    "ubud",
    "dong-giang-district",
    "tibet",
    "hue",
    "dharavi",
    "nagano",
    "luang-prabang",
    "puerto-princesa",
    "el-nido",
    "yen-minh",
    "coxs-bazar",
    "dharamsala",
    "laos",
    "ha-long-bay",
    "northern-vietnam",
    "lhasa",
    "andaman-and-nicobar-islands",
    "madurai",
    "ipoh",
    "urgench",
    "yangon",
    "yokohama",
    "luzon",
    "myanmar",
    "agra",
    "surat-thani",
    "mongolia",
    "bangladesh",
    "central-java",
    "sagarmatha-national-park",
    "komodo-national-park",
    "rajasthan",
    "tamil-nadu",
    "mekong-delta",
    "sigiriya",
    "panglao-island",
    "panay-island",
    "putian",
    "nyaung-u",
    "busuanga-island",
    "nur-sultan",
    "hulhule-island",
    "tanah-rata",
    "nago",
    "fujikawaguchiko-machi",
    "iriomote-jima",
    "chitose",
    "motobu-cho",
    "pune",
    "banyuwangi",
    "maharashtra",
    "gili-trawangan",
    "malang",
    "saipan",
    "northern-mariana-islands",
    "ha-giang",
    "bacolod",
    "taiyuan",
    "wuxi",
    "aomori-prefecture",
    "ito",
    "changsha",
    "kashgar",
    "ko-lipe",
    "wuhan",
    "zhangye",
    "tianshui",
    "guiyang",
    "manali",
    "jinan",
    "melaka",
    "kanchanaburi",
    "thimphu",
    "kandy",
    "galle",
    "changchun",
    "jiayuguan",
    "chatan-cho",
    "nazareth",
    "sendai",
    "chuncheon",
    "miri",
    "minakami-machi",
    "odawara",
    "miyakojima",
    "lagoi",
    "takamatsu",
    "makassar",
    "phonsavan",
    "petaling-jaya",
    "pangkalan-bun",
    "lahore",
    "batam",
    "port-moresby",
    "osh",
    "tashkent",
    "bikaner",
    "mount-abu",
    "kampong-jerudong",
    "cai-be",
    "thanjavur",
    "kuta",
    "can-tho",
    "phan-thiet",
    "selong-belanak",
    "dong-hoi",
    "kampong-cham",
    "momi",
    "airlie-beach",
    "ko-yao-yai",
    "huangshan",
    "pattaya",
    "haridwar",
    "jinghong",
    "nanchang",
    "kalaw",
    "jeju",
    "udaipur",
    "shibuya",
    "leh",
    "pakistan",
    "jaisalmer",
    "sapporo",
    "kampong-thom",
    "krong-kaeb",
    "kumamoto",
    "onomichi",
    "matsumoto",
    "narita",
    "hanmer-springs",
    "kaikoura",
    "sydney",
    "hua-hin",
    "karratha",
    "yongin",
    "brunei",
    "tanjung-benoa",
    "jeonju",
    "central-thailand",
    "thekkady",
    "chittaurgarh",
    "nainital",
    "bodh-gaya",
    "sasan-gir",
    "manado",
    "nanjing",
    "kabli",
    "kedah",
    "rameswaram",
    "mai-chau",
    "kyushu",
    "tulamben",
    "kalutara",
    "wuyishan",
    "hambantota",
    "tajikistan",
    "pelling",
    "bao-lac",
    "negros-island",
    "orccha",
    "maafushi-island",
    "ben-tre",
    "ebisu",
    "candidasa",
    "kadena-cho",
    "semporna",
    "kuala-terengganu",
    "musashino",
    "davao-city",
    "padang",
    "fuji",
    "uruma",
    "zhuhai",
    "shimonoseki",
    "anuradhapura",
    "emeishan-city",
    "naruto",
    "tokushima",
    "kurashiki",
    "matsue",
    "toba",
    "karuizawa",
    "kawasaki",
    "kisarazu",
    "aizuwakamatsu",
    "shenyang",
    "jhansi",
    "dandong",
    "bagdogra",
    "ranthambore-national-park",
    "jimbaran",
    "sawai-madhopur",
    "pushkar",
    "tumon",
    "ahmedabad",
    "gujarat",
    "onna-son",
    "gunung-mulu-national-park",
    "labuan-bajo",
    "nukus",
    "shangri-la",
    "hefei",
    "lanzhou",
    "bukhara",
    "lingui-county",
    "dushanbe",
    "taian",
    "wenzhou",
    "pulau-ubin",
    "quanzhou",
    "sauraha",
    "kuala-besut",
    "tsuruoka",
    "sentosa-island",
    "miyoshi",
    "shizuoka",
    "bishkek",
    "kawagoe",
    "ginowan",
    "bihar",
    "zamami-son",
    "noboribetsu",
    "tokoname",
    "imabari",
    "sabah",
    "gifu",
    "kota-kinabalu",
    "alwar",
    "lucknow",
    "pahang",
    "hyderabad",
    "pondicherry",
    "phu-quoc",
    "seogwipo",
    "manang",
    "islamabad",
    "west-java",
    "bentota",
    "mandalay",
    "jammu-and-kashmir",
    "zhanjiang",
    "ningbo",
    "kazakhstan",
    "hohhot",
    "taman-negara-national-park",
    "shijiazhuang",
    "yinchuan",
    "xuzhou",
    "changzhou",
    "kalpitiya",
    "lumbini",
    "bumthang-district",
    "coimbatore",
    "wangdue",
    "nanning",
    "guangxi",
    "nyaungshwe",
    "neil-island",
    "tuaran",
    "badami",
    "khumbu",
    "longsheng-county",
    "tetebatu",
    "mu-cang-chai",
    "havelock",
    "nallathanniya",
    "kadugannawa",
    "jodhpur-district",
    "bhubaneswar",
    "cao-bang",
    "iwate-prefecture",
    "western-china",
    "asakusa",
    "taketomi-jima",
    "the-bund",
    "suwon",
    "ishigaki",
    "dien-bien-phu",
    "dibrugarh",
    "cholpon-ata",
    "shenzhen",
    "battambang",
    "hikkaduwa",
    "pingyao",
    "kelantan",
    "luang-namtha",
    "preah-vihear-province",
    "sanjiang",
    "east-timor",
    "jermuk",
    "bandhavgarh-national-park",
    "shaoxing",
    "balicasag-island",
    "oita",
    "okayama",
    "nusa-lembongan",
    "hat-yai",
    "qingdao",
    "roppongi",
    "ginza",
    "datong",
    "kabukicho",
    "kannur",
    "chittagong",
    "aceh",
    "kratie",
    "ko-lanta",
    "hakodate",
    "dumaguete-city",
    "assam",
    "guwahati",
    "iloilo-city",
    "bophut",
    "ko-chang",
    "bhopal",
    "kochi",
    "northern-sri-lanka",
    "almaty",
    "taichung",
    "kaohsiung",
    "hualien",
    "gandaki-zone",
    "kuantan",
    "besisahar",
    "otaru",
    "naha",
    "mal",
    "kununurra",
    "beppu",
    "kagoshima",
    "fukuoka",
    "bagan",
    "lijiang",
    "komodo",
    "mangalore",
    "medan",
    "dalian",
    "sanya",
    "trivandrum",
    "negombo",
    "bandar-seri-begawan",
    "dimapur",
    "tagbilaran-city",
    "jaffna",
    "xining",
    "tawang",
    "luoyang",
    "varanasi-district",
    "mahiyangana",
    "shillong",
    "ko-pha-ngan",
    "visakhapatnam",
    "allahabad",
    "tigray-region",
    "port-blair",
    "sanliurfa",
    "uva-province",
    "shirdi",
    "central-uzbekistan",
    "surabaya",
    "kodaikanal",
    "fujinomiya",
    "kodagu-coorg",
    "vadodara",
    "nagpur",
    "penang-island",
    "khajuraho",
    "daegu",
    "nashik",
    "goris",
    "puttalam",
    "patna",
    "wasgamuwa-national-park",
    "loikaw",
    "ingiriya",
    "olgiy",
    "sankri",
    "swat",
    "pyeongchang",
    "hunza",
    "gero",
    "bundi",
    "hanga-roa",
    "fenghuang-county",
    "jiuzhaigou-county",
    "buon-ma-thuot",
    "shymkent",
    "maluku-islands",
    "kamakura",
    "aurangabad",
    "ambon",
    "bukittinggi",
    "vang-vieng",
    "port-stephens",
    "srinagar",
    "pacific-harbour",
    "karakol",
    "jim-corbett-national-park",
    "taitung",
    "mae-hong-son",
    "nepalgunj",
    "nanded",
    "goreme",
    "pemuteran",
    "legazpi",
    "pachmarhi",
    "nagaland",
    "arunachal-pradesh",
    "south-sulawesi",
    "mandi",
    "bhuj",
    "khajjiar",
    "gaya",
    "dalhousie",
    "borobudur",
    "ajmer",
    "bintan-island",
    "xingyi",
    "kaili",
    "dali",
    "meghalaya",
    "andhra-pradesh",
    "west-papua",
    "xinjiang",
    "zhengzhou",
    "yangzhou",
    "cherating",
    "vung-tau",
    "batticaloa",
    "sikkim",
    "east-java",
    "eastern-cambodia",
    "qui-nhon",
    "semarang",
    "johor",
    "johor-bahru",
    "sunshine-coast",
    "sihanoukville",
    "khao-lak",
    "east-nusa-tenggara",
    "talpe",
    "lukla",
    "chandigarh",
    "perak",
    "midigama",
    "mysore",
    "bandung",
    "pakse",
    "ha-giang-province",
    "puerto-galera",
    "jabalpur",
    "hsinchu-county",
    "foshan",
    "rajkot",
    "odisha",
    "central-sri-lanka",
    "madikeri",
    "my-son",
    "ba-be-national-park",
    "sandakan",
    "lombok",
    "gorkhi-terelj-national-park",
    "wilpattu-national-park",
    "chitwan-national-park",
    "inle-lake",
    "kunming",
    "porta-del-sol",
    "paradera",
    "la-romana",
    "willemstad",
    "saint-joseph-parish",
    "runaway-bay",
    "uzbekistan",
    "turkmenistan",
    "friuli-venezia-giulia",
    "emilia-romagna",
    "tuscany",
    "lake-garda",
    "lake-como",
    "sardinia",
    "bologna",
    "lombardy",
    "padua",
    "veneto",
    "trieste",
    "piedmont-liguria",
    "vicenza",
    "milan",
    "naples",
    "cinque-terre",
    "amalfi",
    "italy",
    "sorrento",
    "verona",
    "taranto",
    "ostuni",
    "levanzo",
    "umbria",
    "trentino-alto-adige",
    "modena",
    "siena",
    "brescia",
    "ferrara",
    "trento",
    "bolzano",
    "gaeta",
    "assisi",
    "palermo",
    "chianti",
    "aeolian-islands",
    "pompeii",
    "campo-de-fiori",
    "courmayeur",
    "catania",
    "sicily",
    "san-gimignano",
    "salerno",
    "genoa",
    "arezzo",
    "campania",
    "treviso",
    "la-maddalena",
    "ferno",
    "isola-dischia",
    "alberobello-locorotondo",
    "castelletto-di-branduzzo",
    "lamezia-terme",
    "cervinia",
    "bari",
    "isola-di-salina",
    "pisa",
    "positano",
    "lecce",
    "terracina",
    "toscolano-maderno",
    "sperlonga",
    "casoria",
    "sanremo",
    "adriatic-coast",
    "la-spezia",
    "messina",
    "lake-maggiore",
    "vieste",
    "livorno",
    "mantua",
    "agrigento",
    "poggibonsi",
    "san-giovanni-rotondo",
    "lucca",
    "syracuse",
    "orvieto",
    "rimini",
    "matera",
    "pescara",
    "basilicata",
    "calabria",
    "versilia",
    "massa-marittima",
    "santagata-de-goti",
    "tropea",
    "cortina-dampezzo",
    "ponza-island",
    "perugia",
    "montepulciano",
    "rovereto",
    "bergamo",
    "pavia",
    "madonna-di-campiglio",
    "abruzzo",
    "san-casciano-dei-bagni",
    "burano",
    "manarola",
    "chianciano-terme",
    "monterosso-al-mare",
    "brindisi",
    "corniglia",
    "portofino",
    "olbia",
    "isola-vulcano",
    "livigno-bormio",
    "alghero",
    "pesaro",
    "asti",
    "aosta",
    "isola-delba",
    "procida",
    "marche",
    "gela",
    "cefal",
    "parma",
    "montecatini-terme",
    "ascoli-piceno",
    "maranello",
    "lake-bolsena",
    "lazio",
    "valle-daosta",
    "ancona",
    "langhe-roero-and-monferrato",
    "nocelle",
    "bruges",
    "balearic-islands",
    "loutraki",
    "mainz",
    "delphi",
    "worcester",
    "ghent",
    "northern-portugal",
    "brussels",
    "united-kingdom",
    "heidelberg",
    "snaefellsnes-peninsula",
    "north-iceland",
    "salzburg",
    "ionian-islands",
    "valbona",
    "braga",
    "estonia",
    "puerto-del-rosario",
    "austrian-alps",
    "peloponnese",
    "chania",
    "evora-district",
    "lapland",
    "sintra",
    "bavaria",
    "south-holland",
    "hamburg",
    "coimbra",
    "beiras",
    "montenegro",
    "krakow",
    "menorca",
    "spetses",
    "rhine-river",
    "macedonia",
    "akureyri",
    "kastoria",
    "henningsvaer",
    "plaka",
    "trier",
    "moselle-valley",
    "baden-wrttemberg",
    "jungfrau-region",
    "northern-germany",
    "costa-brava",
    "provence",
    "le-de-france",
    "turkey",
    "slovenia",
    "scotland",
    "rovaniemi",
    "england",
    "croatia",
    "naxos",
    "burgundy",
    "aegean-islands",
    "catalonia",
    "saxony",
    "spain",
    "nuremberg",
    "portugal",
    "poland",
    "netherlands",
    "girona",
    "romantic-road",
    "meteora",
    "iceland",
    "greece",
    "germany",
    "france",
    "luxembourg-city",
    "cyclades-islands",
    "finland",
    "senja",
    "saronic-gulf-islands",
    "dieppe",
    "czech-republic",
    "cyprus",
    "belgium",
    "austria",
    "monaco",
    "tarragona",
    "grindelwald",
    "flanders",
    "lake-geneva",
    "potsdam",
    "corinth",
    "nafplio",
    "cologne",
    "princes-islands",
    "marseille",
    "zagreb",
    "thessaloniki",
    "cardiff",
    "wales",
    "andorra",
    "luxembourg",
    "plymouth",
    "napa-sonoma",
    "bamberg",
    "alentejo",
    "leipzig",
    "sylt",
    "limerick",
    "aegean-coast",
    "kalsoy",
    "gyumri",
    "halkidiki",
    "vigo",
    "pcs",
    "bremen",
    "north-macedonia",
    "armenia",
    "lahemaa-national-park",
    "aurlandsvangen",
    "northern-ireland",
    "ruka",
    "flevoland-province",
    "assos",
    "normandy",
    "languedoc-roussillon",
    "angers",
    "manchester",
    "paxos",
    "loire-valley",
    "aquitaine",
    "alsace",
    "kosovo",
    "switzerland",
    "sweden",
    "slovakia",
    "romania",
    "norway",
    "hallstatt",
    "transylvania",
    "spean-bridge",
    "pogradec",
    "tipperary",
    "bled",
    "lithuania",
    "ireland",
    "hungary",
    "nazare",
    "juta",
    "cork",
    "south-west-ireland",
    "montpellier",
    "western-norway",
    "carcassonne",
    "denmark",
    "bulgaria",
    "central-highlands",
    "innsbruck",
    "urk",
    "rhne-alpes",
    "galway",
    "nidwalden",
    "tenby",
    "nicosia",
    "corfu",
    "antalya",
    "istanbul",
    "ankara",
    "izmir",
    "flagstaff",
    "extremadura",
    "visby",
    "geneva",
    "lucerne",
    "trogir",
    "birmingham",
    "yorkshire",
    "santiago-de-compostela",
    "sines",
    "baleal",
    "padron",
    "mostar",
    "windsor-eton",
    "wroclaw",
    "dublin",
    "glasgow",
    "colmar",
    "gibraltar",
    "belfast",
    "midi-pyrnes",
    "lviv",
    "karlovy-vary",
    "costa-del-sol",
    "san-sebastian",
    "strasbourg",
    "bath",
    "malaga",
    "liverpool",
    "ieud",
    "upper-austria",
    "linz",
    "biarritz",
    "killarney",
    "bayeux",
    "tbilisi",
    "stockholm",
    "santona",
    "mdina",
    "palma-de-mallorca",
    "galicia",
    "ross-on-wye",
    "brasov",
    "reykjahl",
    "iasi",
    "serbia",
    "tushemisht",
    "region-of-murcia",
    "georgia",
    "vik",
    "lugano",
    "dalmatia",
    "cascais",
    "wallachia",
    "sipi",
    "elafiti-islands",
    "central-norway",
    "istria",
    "saumur",
    "azores",
    "cornwall",
    "bucharest",
    "dresden",
    "cramant",
    "sloboda-ukraine",
    "bohemia",
    "west-midlands",
    "bosnia-and-herzegovina",
    "caceres",
    "reims",
    "zaragoza",
    "northeast-scotland",
    "bistrita",
    "bovec",
    "skagen",
    "augsburg",
    "ruedesheim-am-rhein",
    "vilamoura",
    "frankfurt",
    "avignon",
    "south-west-england",
    "aalborg",
    "dijon",
    "setubal-district",
    "vatican-city",
    "canary-islands",
    "alton",
    "andalucia",
    "bordeaux",
    "epernay",
    "copenhagen",
    "newquay",
    "ljubljana",
    "swiss-alps",
    "zermatt",
    "st-moritz",
    "cordoba",
    "alicante",
    "basel",
    "sarajevo",
    "vilnius",
    "graz",
    "aix-en-provence",
    "calheta-de-sao-miguel",
    "valletta",
    "malta",
    "zadar",
    "central-switzerland",
    "frjus-saint-raphal",
    "toledo",
    "york",
    "valencia-province",
    "trondheim",
    "tromso",
    "klagenfurt",
    "cesky-krumlov",
    "longyearbyen",
    "western-ireland",
    "ulupinar",
    "bagnols",
    "holyhead",
    "cap-dagde",
    "bergen",
    "tenerife",
    "corsica",
    "st-petersburg",
    "vaduz",
    "marne-la-valle",
    "gordes",
    "paphos",
    "dsseldorf",
    "marmaris",
    "sofia",
    "kosice",
    "kinaliada",
    "lyon",
    "lake-district",
    "liechtenstein",
    "sighisoara",
    "sibiu",
    "champagne",
    "toulouse",
    "valencia",
    "stornoway",
    "isle-of-lewis",
    "southern-sweden",
    "bannau-brycheiniog-national-park",
    "pembrokeshire",
    "plitvice-lakes-national-park",
    "central-croatia",
    "mont-st-michel",
    "cuenca",
    "cambridge",
    "kiruna",
    "ayr",
    "corte",
    "keswick",
    "valladolid",
    "dodecanese",
    "poole",
    "southern-scotland",
    "newcastle-upon-tyne",
    "north-east-england",
    "burgos",
    "leon",
    "rust",
    "aviemore",
    "horley",
    "saariselka",
    "hastings",
    "manteigas",
    "wrexham",
    "veliko-tarnovo",
    "belogradchik",
    "yorkshire-dales-national-park",
    "nessebar",
    "faroe-islands",
    "castilla-la-mancha",
    "san-fernando",
    "canterbury",
    "pristina",
    "vlore",
    "gjirokaster",
    "cluj-napoca",
    "plovdiv",
    "konya",
    "crdoba",
    "murcia",
    "wicklow",
    "nmes",
    "donegal",
    "borovets",
    "formentera",
    "oviedo",
    "altea-la-vella",
    "peel",
    "ios",
    "maia",
    "pico",
    "faial-island",
    "hohenschwangau",
    "wattens",
    "crans-montana",
    "chester",
    "rothenburg",
    "qabala",
    "fludir",
    "heimaey-island",
    "schwechat",
    "paros",
    "south-queensferry",
    "lefkada",
    "agios-nikolaos",
    "debrecen",
    "skiathos",
    "brac-island",
    "gudauri",
    "northeast-aegean-islands",
    "marignane",
    "saint-remy-de-provence",
    "blois",
    "giverny",
    "villefranche-sur-mer",
    "grasse",
    "villeneuve-les-avignon",
    "cotswolds",
    "brighton",
    "kendal",
    "salisbury",
    "bodrum",
    "kilkenny",
    "devon",
    "burgas",
    "bristol",
    "benidorm",
    "kusadasi",
    "gothenburg",
    "dingle",
    "alanya",
    "east-midlands",
    "northampton",
    "mecklenburg-vorpommern",
    "rhodes",
    "rostock",
    "portree",
    "coventry",
    "east-of-england",
    "windermere",
    "milos",
    "southampton",
    "aran-islands",
    "saranda",
    "oban",
    "lerwick",
    "kirkwall",
    "fuerteventura",
    "korcula",
    "black-sea-coast",
    "kas",
    "caernarfon",
    "portimao",
    "bilbao",
    "invergordon",
    "costa-blanca",
    "laganas",
    "gdansk",
    "mechelen",
    "betws-y-coed",
    "stirling",
    "la-gomera",
    "heraklion",
    "llandudno",
    "shetland-islands",
    "sheffield",
    "liscannor",
    "beaune",
    "granada",
    "dover",
    "port-arthur",
    "channel-islands",
    "leeds",
    "kotor",
    "vevey",
    "adelianos-kampos",
    "honfleur",
    "schnefeld",
    "deauville-city",
    "milton-keynes",
    "cogolin",
    "lindau",
    "cassis",
    "aigues-mortes",
    "luosto",
    "la-ciotat",
    "castleton",
    "nancy",
    "stansted-mountfitchet",
    "peterborough",
    "chambery",
    "capel-curig",
    "andorra-la-vella",
    "ciovo-island",
    "norwich",
    "san-marino",
    "reykjanes",
    "berchtesgaden",
    "konstanz",
    "lankaran",
    "pinhao",
    "torun",
    "elciego",
    "st-andrews",
    "otopeni",
    "calheta",
    "mnster",
    "brittany",
    "rennes",
    "waterford",
    "blackpool",
    "chatham",
    "south-east-ireland",
    "funchal",
    "hvar",
    "levi",
    "hofn",
    "zaventem",
    "katakolo",
    "ring-of-kerry",
    "swansea",
    "larnaca",
    "rouen",
    "beaulieu-sur-mer",
    "signagi",
    "mestia",
    "saint-emilion",
    "visoko",
    "stepantsminda",
    "streymoy",
    "sayulita",
    "castile-and-len",
    "kharkiv",
    "krk-island",
    "denizli",
    "korcula-island",
    "cobh",
    "stratford-upon-avon",
    "sarigerme",
    "fort-william",
    "portsmouth",
    "clifden",
    "arcachon",
    "sligo",
    "vsters",
    "carlisle",
    "tralee",
    "bangor",
    "budva",
    "aberfeldy",
    "inverness",
    "aberdeen",
    "lagoa",
    "estremadura",
    "alcobaca",
    "horta",
    "peak-district-national-park",
    "peso-da-regua",
    "central-scotland",
    "freiburg",
    "limousin",
    "athlone",
    "sao-miguel",
    "st-tropez",
    "kutaisi",
    "bushmills",
    "snowdonia",
    "segovia",
    "agen",
    "bornholm",
    "igalo",
    "douglas",
    "herceg-novi-municipality",
    "dundee",
    "warwick",
    "lofoten",
    "newry",
    "weymouth",
    "middlesbrough",
    "st-ives",
    "montreux",
    "lanzarote",
    "caen",
    "pamplona",
    "malm",
    "isle-of-wight",
    "leicester",
    "kenmare",
    "cdiz",
    "bournemouth",
    "stavanger",
    "shkoder",
    "antequera",
    "santander",
    "benahavis",
    "hereford",
    "westport",
    "tarifa",
    "serradas",
    "paco-de-arcos",
    "cospicua-bormla",
    "svolvaer",
    "monaco-ville",
    "alesund",
    "kvarner",
    "ennis",
    "loch-ness-region",
    "nord-pas-de-calais",
    "belgrade",
    "conwy",
    "rab",
    "lille",
    "tirana",
    "grenoble",
    "helsinki",
    "shannon",
    "trakai",
    "nottingham",
    "east-iceland",
    "samtskhe-javakheti-region",
    "north-holland",
    "batumi",
    "moustiers-sainte-marie",
    "arles",
    "lourdes",
    "smolyan-province",
    "aeroskobing",
    "ruse",
    "subotica",
    "lake-balaton",
    "fssen",
    "kos",
    "lustica",
    "skaftafell",
    "lori-province",
    "ystad",
    "guba-khachmaz-region",
    "constancia",
    "sarria",
    "saint-nazaire",
    "ipswich",
    "albena",
    "regensburg",
    "kaunas",
    "covilha",
    "ubeda",
    "poprad",
    "billund",
    "bantry-bay",
    "obernai",
    "patras",
    "syros",
    "andros",
    "meersburg-bodensee",
    "tinos",
    "symi",
    "antiparos",
    "stara-zagora",
    "newcastle",
    "lower-austria",
    "lacu-rosu",
    "central-sweden",
    "mcon",
    "tartu",
    "friedrichshafen",
    "bregenz",
    "maramures-county",
    "ijevan",
    "burgenland",
    "plovdiv-province",
    "stykkisholmur",
    "ganja",
    "rosendal",
    "permet",
    "picardy",
    "amiens",
    "alta",
    "wallonia",
    "chamonix",
    "fribourg",
    "thurgau",
    "la-gruyere",
    "portalegre-district",
    "beja-district",
    "torrevieja",
    "kyrenia",
    "shiroka-laka",
    "le-grau-du-roi",
    "hannover",
    "dikili",
    "mgarr",
    "oswiecim",
    "makarska",
    "kalamata",
    "algeciras",
    "bansko",
    "varna",
    "prnu",
    "patmos",
    "la-caleta",
    "cala-galdana",
    "los-gigantes",
    "pylos",
    "gijon",
    "volos",
    "constanta",
    "monsaraz",
    "northern-sweden",
    "san-sebastian-de-la-gomera",
    "montblanc",
    "oradea",
    "timisoara",
    "western-romania",
    "faro",
    "nantes",
    "arras",
    "pula",
    "gengenbach",
    "helsingr",
    "sliven",
    "osijek",
    "belek",
    "la-palma",
    "arrecife",
    "almeria",
    "seluk",
    "rincn",
    "niksic",
    "cesme",
    "santa-eulalia-del-ro",
    "almada",
    "praia-da-vitria",
    "baeza",
    "xativa",
    "san-agustin",
    "pyrgos",
    "oberstaufen",
    "santa-maria",
    "toulon",
    "klaipeda",
    "angra-do-herosmo",
    "kiel",
    "alcudia",
    "costa-adeje",
    "narbonne",
    "vitoria",
    "la-coruna",
    "sete",
    "limassol",
    "la-rioja",
    "porec",
    "gozo",
    "rovinj",
    "odzun",
    "haghpat",
    "sighetu-marmatiei",
    "cherkasy",
    "belsh",
    "santillana-del-mar",
    "perpignan",
    "menton",
    "miskolc",
    "podgorica",
    "northern-hungary",
    "dortmund",
    "miercurea-ciuc",
    "rinas",
    "mannheim",
    "verdun",
    "lorraine",
    "bonn",
    "gaziantep",
    "cephalonia",
    "chisinau",
    "bergerac",
    "vidin",
    "teteven",
    "bursa",
    "moldova",
    "szentendre",
    "starosel",
    "cognac",
    "neuchtel",
    "bansk-bystrica",
    "hoorn",
    "famagusta",
    "bjorkliden",
    "ibenik",
    "piran",
    "ohrid",
    "turkish-black-sea-coast",
    "sinaia",
    "kumbor",
    "antibes",
    "tyros",
    "ponta-delgada",
    "ay",
    "tours",
    "lausanne",
    "figueres",
    "mesao-frio",
    "trebinje",
    "koblenz",
    "provesende",
    "carmona",
    "sopron",
    "zabljak",
    "kiev",
    "garmisch-partenkirchen",
    "sigulda",
    "banja-luka",
    "himare",
    "passau",
    "uppsala",
    "aragn",
    "sierra-de-grazalema-natural-park",
    "karlovo",
    "bern",
    "moravia",
    "ksamil",
    "brno",
    "falset",
    "slovenian-istria",
    "brest",
    "ajaccio",
    "torshavn",
    "stuttgart",
    "mellieha",
    "bayonne",
    "le-havre",
    "besancon",
    "ioannina",
    "shipka",
    "mula",
    "samos",
    "aarhus",
    "koper",
    "transdanubia",
    "central-hungary",
    "cantabria",
    "lauterbrunnen",
    "asturias",
    "lige",
    "chinon",
    "ulvik",
    "tulcea",
    "skjolden",
    "castellane",
    "isafjordur",
    "annecy",
    "ruse-province",
    "querenca",
    "stari-bar",
    "chur",
    "davos",
    "targu-mures",
    "famagusta-district",
    "protaras",
    "ayia-napa",
    "djupivogur",
    "guernsey",
    "san-vicente-de-la-sonsierra",
    "la-rochelle",
    "poitou-charentes",
    "poznan",
    "kemer",
    "karlsruhe",
    "sao-martinho-do-porto",
    "nis",
    "andalsnes",
    "wurzburg",
    "auxerre",
    "lamego",
    "trabzon",
    "lower-saxony",
    "sinop",
    "orsta",
    "dunkirk",
    "fontainebleau",
    "terceira",
    "maribor",
    "szczecin",
    "evian-les-bains",
    "bodo",
    "villach",
    "golden-sands",
    "turku",
    "tampere",
    "lublin",
    "lodz",
    "south-iceland",
    "arad",
    "albufeira",
    "pilsen",
    "rotterdam",
    "turin",
    "dubai",
    "abu-dhabi",
    "doha",
    "muscat",
    "riyadh",
    "tel-aviv",
    "amman",
    "beirut",
    "st-johns",
    "dominican-republic",
    "bahamas",
    "new-providence-island",
    "isla-verde",
    "five-islands-village",
    "black-river",
    "port-antonio",
    "utuado",
    "luquillo",
    "providenciales",
    "kingston",
    "arecibo",
    "scarborough",
    "grand-bahama-island",
    "great-exuma",
    "falmouth",
    "vinh-long",
    "speyside",
    "vieques",
    "cabarete",
    "philadelphia",
    "maine",
    "ithaca",
    "the-adirondacks",
    "cincinnati",
    "upper-peninsula",
    "crater-lake-national-park",
    "st-augustine",
    "winston-salem",
    "golden-isles",
    "ashland",
    "tallahassee",
    "cape-town",
    "johannesburg",
    "kruger-national-park",
    "cairo",
    "luxor",
    "aswan",
    "marrakech",
    "casablanca",
    "nairobi",
    "maasai-mara",
    "mombasa",
    "arusha",
    "zanzibar",
    "swakopmund",
    "etosha-national-park",
    "mauritius",
    "skeleton-coast-national-park",
    "hazyview",
    "mpumalanga",
    "red-sea",
    "zambia",
    "victoria-falls",
    "zimbabwe",
    "shimba-hills-national-reserve",
    "central-morocco",
    "swellendam",
    "harare",
    "western-cape",
    "egypt",
    "foum-zguid",
    "morocco",
    "zambezi-national-park",
    "hwange-national-park",
    "kenya",
    "hurghada",
    "matobo-national-park-the-matopos",
    "south-africa",
    "libreville",
    "kilimanjaro",
    "rissani",
    "djanet",
    "bettys-bay",
    "skukuza",
    "sainte-luce",
    "anse-volbert",
    "assomada",
    "cambodia",
    "namibia",
    "tunis",
    "tanzania",
    "jinja",
    "accra",
    "ethiopia",
    "libya",
    "gulu",
    "manyara-region",
    "harar",
    "rwanda",
    "ambalavao",
    "gisakura",
    "mto-wa-mbu",
    "lushoto",
    "pedra-badejo",
    "rabil",
    "tsavo-national-park-east",
    "morocco-sahara",
    "northern-morocco",
    "moshi",
    "mystic",
    "fez",
    "tsavo-national-park-west",
    "kwazulu-natal",
    "giza",
    "fethiye",
    "butare",
    "zanzibar-city",
    "chefchaouen",
    "abu-simbel",
    "southern-province",
    "yala-national-park",
    "tunisia",
    "tangier",
    "alexandria",
    "western-sahara",
    "diabat",
    "merzouga",
    "pigeon-forge",
    "rabat",
    "gauteng",
    "garden-route",
    "sharm-el-sheikh",
    "ouarzazate",
    "lower-zambezi-national-park",
    "madagascar",
    "namib-naukluft-park",
    "knysna",
    "nelspruit",
    "fumba",
    "so-tom-and-prncipe",
    "cape-coast",
    "maputo",
    "burundi",
    "addis-ababa",
    "sao-tome-island",
    "bamako",
    "mali",
    "mayotte",
    "hermanus",
    "lusaka",
    "kabale",
    "south-coast",
    "marsa-alam",
    "la-digue-island",
    "beau-vallon",
    "praslin-island",
    "gisenyi",
    "boumalne-dades",
    "great-plain",
    "yaounde",
    "gaborone",
    "arba-minch",
    "bahir-dar",
    "mindelo",
    "tafraoute",
    "kigali",
    "cape-verde",
    "sao-vicente",
    "kizimkazi",
    "liberia",
    "equatorial-guinea",
    "seychelles",
    "cameroon",
    "mozambique",
    "tamale",
    "axum",
    "sohag",
    "niger",
    "ndjamena",
    "douz",
    "errachidia",
    "hassilabied",
    "tozeur",
    "lesotho",
    "nanyuki",
    "somalia",
    "democratic-republic-of-congo",
    "comoros",
    "santo-antao",
    "sal-rei",
    "mnemba",
    "chamarel",
    "narok",
    "wasini-island",
    "gonder",
    "farafra",
    "mekele",
    "el-alamein",
    "edfu",
    "saint-catherine",
    "masindi",
    "choc",
    "chad",
    "mauritania",
    "abidjan",
    "praia",
    "kibuye",
    "balaclava",
    "nosy-be",
    "morondava",
    "lalibela",
    "abuja",
    "erg-chebbi",
    "tetouan",
    "tinerhir",
    "mount-kenya-national-park",
    "amboseli-national-park",
    "kinshasa",
    "dar-es-salaam",
    "agadir",
    "lagos",
    "ruhengeri",
    "mhamid",
    "agafay",
    "naivasha",
    "gambia",
    "serengeti",
    "south-west-nigeria",
    "douala",
    "morogoro-region",
    "goma",
    "rundu",
    "kinigi",
    "grabouw",
    "rift-valley-province",
    "ceres",
    "antananarivo",
    "algeria",
    "burkina-faso",
    "western-region",
    "jinka",
    "mbabane",
    "sedgefield",
    "mgahinga-gorilla-national-park",
    "ghardaia",
    "volcanoes-national-park",
    "north-west",
    "tsitsikamma-national-park",
    "pemba-island",
    "george",
    "dar-es-salaam-region",
    "selous-game-reserve",
    "bujumbura",
    "ilha-do-fogo",
    "brava",
    "guelmim",
    "kasese",
    "robertson",
    "larache",
    "mirleft",
    "tarrafal",
    "beni-mellal-khenifra",
    "bwindi-impenetrable-national-park",
    "eastern-cape",
    "sal",
    "boa-vista",
    "nova-sintra",
    "sao-filipe",
    "angola",
    "aourir",
    "port-elizabeth",
    "port-ghalib",
    "walvis-bay",
    "sousse",
    "east-london",
    "hammamet",
    "underberg",
    "dakhla",
    "maun",
    "port-louis",
    "dakar",
    "cotonou",
    "benin",
    "machame",
    "ivato",
    "lome",
    "togo",
    "gabon",
    "congo",
    "hawzen",
    "zagora",
    "erfoud",
    "graskop",
    "djerba",
    "luanda",
    "nurata",
    "malawi",
    "eswatini-swaziland",
    "mole-national-park",
    "sesriem",
    "kisoro",
    "cte-divoire",
    "trou-deau-douce",
    "pilanesberg-national-park",
    "malindi",
    "monastir",
    "makgadikgadi-pans-national-park",
    "eden-island",
    "kasane",
    "western-desert",
    "michamvi",
    "lubumbashi",
    "franschhoek",
    "diani-beach",
    "banjul",
    "plettenberg-bay",
    "safaga",
    "runion-island",
    "gabes",
    "port-said",
    "mah",
    "karatu",
    "lilongwe",
    "eritrea",
    "djibouti",
    "algiers",
    "pretoria",
    "gansbaai",
    "mossel-bay",
    "suez",
    "akagera-national-park",
    "kibale-national-park",
    "udzungwa-mountains-national-park",
    "ruaha-national-park",
    "murchison-falls-national-park",
    "grand-baie",
    "india",
    "kharkhorin",
    "cappadocia",
    "cat-tien-national-park",
    "shigatse",
    "thailand",
    "takashima",
    "colombo",
    "sri-lanka",
    "japan",
    "indonesia",
    "china",
    "hong-kong-sar",
    "bokonbayevo",
    "northern-thailand",
    "gulf-of-thailand",
    "aceh",
    "ko-chang",
    "jaffna",
    "south-sulawesi",
    "odisha",
    "trieste",
    "costa-brava",
    "vatican-city",
    "york",
    "east-midlands",
    "blackpool",
    "kutaisi",
    "saint-nazaire",
    "albena",
    "patras",
    "central-sweden",
    "stykkisholmur",
    "rosendal",
    "la-palma",
    "praia-da-vitria",
    "falset",
    "chinon",
    "vieques",
    "page",
    "monument-valley",
    "molokai",
    "yellowknife",
    "prince-edward-island",
    "whistler",
    "chinle",
    "caon-city",
    "cape-canaveral",
    "killington",
    "cocoa-beach",
    "soldotna",
    "mindo",
    "so-luis-do-maranho",
    "paracas",
    "boca-raton",
    "kars",
    "melbourne",
    "tad-lo",
    "bayan-olgii-province",
    "rangiroa",
    "ba-be",
    "kathmandu",
    "wakayama",
    "da-lat",
    "dharavi",
    "dharamsala",
    "komodo-national-park",
    "pune",
    "malang",
    "kaikoura",
    "lingui-county",
    "taman-negara-national-park",
    "badami",
    "luang-namtha",
    "pacific-harbour",
    "chandigarh",
    "lombok",
    "namobuddha",
    "hunter-valley",
    "rottnest-island",
    "dampier-peninsula",
    "akaroa",
    "hervey-bay",
    "te-anau",
    "jervis-bay",
    "hobart",
    "adelaide",
    "noosa-sunshine-coast",
    "fraser-island",
    "tasmania",
    "south-australia",
    "brisbane",
    "uluru",
    "alice-springs",
    "great-ocean-road",
    "kangaroo-island",
    "baku",
    "himachal-pradesh-uttarakhand",
    "surfers-paradise",
    "yarra-valley",
    "mornington-peninsula",
    "remuera",
    "huahine",
    "burnie",
    "batemans-bay",
    "st-kilda",
    "tweed-heads",
    "wilsons-promontory-national-park",
    "fremantle",
    "echuca",
    "longreach",
    "mandurah",
    "lake-tekapo",
    "katherine",
    "broome",
    "palm-cove",
    "port-douglas",
    "franz-josef-fox-glacier",
    "launceston",
    "kakadu",
    "coral-bay",
    "aeroglen",
    "margaret-river",
    "port-lincoln",
    "geelong",
    "rainbow-beach",
    "brunswick-heads",
    "moreton-bay-region",
    "aoraki-mount-cook-national-park-te-wahipounamu",
    "coffs-harbour",
    "strahan",
    "cape-tribulation",
    "magnetic-island",
    "mclaren-vale",
    "albany",
    "greymouth",
    "waitomo",
    "mackay",
    "kings-canyon",
    "aoraki-mount-cook-mount-cook-village",
    "kalbarri",
    "picton",
    "geraldton",
    "coles-bay",
    "bunbury",
    "margaret-river-region",
    "grampians",
    "motueka",
    "san-salvador",
    "central-mexico",
    "costa-rica",
    "belize",
    "el-salvador",
    "quetzaltenango",
    "san-ignacio",
    "isla-grande",
    "central-pacific",
    "guanacaste-and-northwest",
    "jaco",
    "panajachel",
    "san-antonio-de-belen",
    "flores",
    "lanquin",
    "monteverde",
    "siquirres",
    "hopkins",
    "coban",
    "ambergris-caye",
    "alajuela",
    "tortuguero",
    "san-luis-talpa",
    "taxco",
    "creel",
    "zihuatanejo",
    "loreto",
    "punta-gorda",
    "roatan",
    "nicoya-peninsula",
    "osa-peninsula-gulfo-dulce",
    "guatemala-city",
    "isla-de-ometepe",
    "limon",
    "puntarenas",
    "managua",
    "san-pedro-sula",
    "tabasco",
    "patzcuaro",
    "tequisquiapan",
    "el-valle-de-anton",
    "copan",
    "corcovado-national-park",
    "sierpe",
    "puerto-quetzal",
    "sarapiqui",
    "playa-flamingo",
    "boquete",
    "smara",
    "drake-bay",
    "dangriga",
    "playa-hermosa",
    "santa-teresa",
    "la-ceiba",
    "orotina",
    "ometepe",
    "gamboa",
    "san-blas-islands",
    "quepos",
    "placencia",
    "venice",
    "seville",
    "marbella",
    "lisbon",
    "split",
    "vienna",
    "modena",
    "sylt",
    "bayeux",
    "bovec",
    "cordoba",
    "marne-la-valle",
    "crdoba",
    "port-arthur",
    "sayulita",
    "bushmills",
    "lourdes",
    "la-palma",
    "pilsen",
    "chennai",
    "rishikesh",
    "rajshahi",
    "karnataka",
    "hampi",
    "havelock-island",
    "munnar",
    "madhya-pradesh",
    "gwalior",
    "united-arab-emirates",
    "palm-jumeirah",
    "sharjah",
    "oman",
    "jordan",
    "jerusalem",
    "israel",
    "bethlehem",
    "west-bank",
    "palestinian-territories",
    "ajman",
    "umm-al-quwain",
    "medina",
    "manama",
    "petra",
    "bahrain",
    "dead-sea",
    "saudi-arabia",
    "jeddah",
    "nizwa",
    "yerevan",
    "aqaba",
    "kayseri",
    "uchisar",
    "canakkale",
    "western-anatolia",
    "pamukkale",
    "hebron",
    "kuwait-city",
    "kuwait",
    "ras-al-khaimah",
    "safranbolu",
    "alula",
    "fujairah",
    "haifa",
    "ashdod",
    "southeastern-anatolia",
    "madaba",
    "sde-boker",
    "herzliya",
    "galilee",
    "tiberias",
    "diyarbakir",
    "mardin",
    "van",
    "al-hamra",
    "eilat",
    "madinat-zayed",
    "taif",
    "tabouk",
    "erzurum",
    "salalah",
    "misfat-al-abriyyin",
    "yemen",
    "khasab",
    "quebec-city",
    "queretaro",
    "french-polynesia",
    "rarotonga",
    "hilo",
    "lahaina",
    "cairns-the-tropical-north",
    "the-whitsundays-hamilton-island",
    "new-zealand",
    "australia",
    "south-island",
    "north-island",
    "western-australia",
    "northern-territory",
    "new-south-wales",
    "darwin",
    "byron-bay",
    "cradle-mountain-lake-st-clair-national-park",
    "fiji",
    "palau",
    "taupo",
    "wanaka",
    "christchurch",
    "tongariro-national-park",
    "blue-mountains",
    "savusavu",
    "tonga",
    "barossa-valley",
    "exmouth",
    "tauranga",
    "napier",
    "canberra",
    "townsville",
    "coral-coast",
    "blenheim",
    "papeete",
    "martinborough",
    "tongatapu-island",
    "apia",
    "upolu",
    "coromandel",
    "whitianga",
    "avarua",
    "grande-terre",
    "ohakune",
    "port-chalmers",
    "marahau",
    "grande-terre-island",
    "guam",
    "invercargill",
    "papua-new-guinea",
    "waiheke-island",
    "avatoru",
    "paihia",
    "norfolk-island",
    "tanna-island",
    "commune-of-rangiroa",
    "raiatea",
    "suva",
    "lautoka",
    "new-caledonia",
    "port-vila",
    "noumea",
    "vanuatu",
    "samoa",
    "queensland",
    "eastern-china",
    "phillip-island",
    "bhutan",
    "stellenbosch",
    "southern-vietnam",
    "qufu",
    "sennichimae",
    "durban",
    "basque-country",
    "anaheim-buena-park",
    "krka-national-park",
    "puerto-plata",
    "cammarata",
    "gran-canaria",
    "turkish-riviera",
    "azerbaijan",
    "povoao",
    "guyana",
    "cuernavaca",
    "trapani",
    "solomon-islands",
    "kagoshima-prefecture",
    "colombia",
    "qaqortoq",
    "ilulissat",
    "greenland",
    "cachi",
    "nigeria",
    "latvia",
    "taormina",
    "north-chile",
    "ravenna",
    "easter-island",
    "oita-prefecture",
    "cannes",
    "cote-dor",
    "nagasaki-prefecture",
    "kumamoto-prefecture",
    "atlanta",
    "stewart-island-rakiura",
    "fukuoka-prefecture",
    "memphis",
    "saga-prefecture",
    "isla-de-graciosa",
    "ehime-prefecture",
    "ukraine",
    "kochi-prefecture",
    "botswana",
    "tokushima-prefecture",
    "kagawa-prefecture",
    "tamarindo",
    "kampala",
    "uganda",
    "windhoek",
    "scrabster",
    "riga",
    "dahab",
    "cagliari",
    "ucagiz",
    "yamaguchi-prefecture",
    "taiwan",
    "livingstone",
    "okayama-prefecture",
    "comporta",
    "hiroshima-prefecture",
    "oslob",
    "tottori-prefecture",
    "ennetbuergen",
    "algarve",
    "shimane-prefecture",
    "niagara-falls-around",
    "nara-prefecture",
    "wakayama-prefecture",
    "osaka-prefecture",
    "hyogo-prefecture",
    "san-martin-de-los-andes",
    "bratislava",
    "albania",
    "warsaw",
    "recife",
    "lebanon",
    "the-scottish-highlands",
    "mie-prefecture",
    "brijuni-national-park",
    "shiga-prefecture",
    "north-west-england",
    "tuan-chau-island",
    "shizuoka-prefecture",
    "central-vietnam",
    "san-luis-obispo",
    "isola-di-ortigia",
    "aichi-prefecture",
    "antwerp",
    "versailles",
    "albarracin",
    "st-louis",
    "gifu-prefecture",
    "fukui-prefecture",
    "yamanashi-prefecture",
    "toyama-prefecture",
    "santa-fe",
    "lancaster",
    "park-city",
    "squamish",
    "denali-national-park",
    "santa-catalina",
    "capri",
    "ypres",
    "derry-londonderry",
    "puglia",
    "senegal",
    "oxford",
    "yangshuo",
    "south-east-england",
    "niigata-prefecture",
    "dunedin-the-otago-peninsula",
    "kumasi",
    "sakaiminato",
    "tokyo-prefecture",
    "fiordland-milford-sound",
    "bay-of-islands",
    "saitama-prefecture",
    "berlingen",
    "gunma-prefecture",
    "montagu",
    "leshan",
    "fukushima-prefecture",
    "ibaraki-prefecture",
    "yamagata-prefecture",
    "greenville",
    "chongqing",
    "skopje",
    "odessa",
    "qatar",
    "kushiro",
    "guangzhou",
    "ghana",
    "bahla",
    "southwest-china",
    "hangzhou",
    "inuyama",
    "berat-county",
    "essaouira",
    "aomori",
    "nishio",
    "paraguay",
    "fukuyama",
    "aso",
    "monte-carlo",
    "maasai-mara-national-reserve",
    "lake-nakuru-national-park",
    "len",
    "jodhpur",
    "zaandam",
    "sweimah",
    "karachi",
    "bawiti",
    "laggan",
    "viti-levu",
    "tomigusuku",
    "nasu-machi",
    "ouzoud",
    "isle-of-man",
    "ragusa",
    "indore",
    "gloucester",
    "buffalo",
    "salamanca",
    "agnes-water",
    "kizimkazi-dimbani",
    "trelawny",
    "sost",
    "shimla",
    "zakynthos",
    "al-ain",
    "busselton",
    "takayama",
    "ballarat",
    "urumqi",
    "el-chaltn",
    "jacksonville",
    "astoria",
    "coron",
    "lake-bracciano",
    "north-brazil",
    "homer",
    "haines",
    "sandusky",
    "filadelfia",
    "mollepata",
    "porto-alegre",
    "epirus",
    "tagaytay",
    "puerto-jimnez",
    "side",
    "pagosa-springs",
    "cali"
  ],
  "failed": [
    {
      "destination": "rangiroa",
      "category": "Lagoon Excursions & Boat Trips",
      "error": "Generation failed"
    },
    {
      "destination": "kathmandu",
      "category": "Architectural Marvels Exploration",
      "error": "Generation failed"
    },
    {
      "destination": "da-lat",
      "category": "Da Lat Flower Garden Visits",
      "error": "Generation failed"
    },
    {
      "destination": "dharamsala",
      "category": "Spiritual & Buddhist Tours",
      "error": "Generation failed"
    },
    {
      "destination": "pune",
      "category": "Maratha Empire Heritage Tours",
      "error": "Generation failed"
    },
    {
      "destination": "malang",
      "category": "East Java Highland Exploration",
      "error": "Generation failed"
    },
    {
      "destination": "kaikoura",
      "category": "Kaikoura Whale Watching Tours",
      "error": "Generation failed"
    },
    {
      "destination": "lingui-county",
      "category": "Li River Cruise Tours",
      "error": "Generation failed"
    },
    {
      "destination": "aceh",
      "category": "Sumatran Orangutan Trekking",
      "error": "Generation failed"
    },
    {
      "destination": "ko-chang",
      "category": "Island Hopping Tours",
      "error": "Generation failed"
    },
    {
      "destination": "jaffna",
      "category": "Jaffna Peninsula Exploration",
      "error": "Generation failed"
    },
    {
      "destination": "south-sulawesi",
      "category": "South Sulawesi Island Hopping",
      "error": "Generation failed"
    },
    {
      "destination": "odisha",
      "category": "Odisha Beach Getaways",
      "error": "Generation failed"
    },
    {
      "destination": "trieste",
      "category": "Trieste Coffee Culture Experiences",
      "error": "Generation failed"
    },
    {
      "destination": "costa-brava",
      "category": "Dal Triangle & Art Experiences",
      "error": "Generation failed"
    },
    {
      "destination": "vatican-city",
      "category": "Vatican Gardens & Necropolis Tours",
      "error": "Generation failed"
    },
    {
      "destination": "york",
      "category": "Ghost Walks of York",
      "error": "Generation failed"
    },
    {
      "destination": "york",
      "category": "Yorkshire Food Tours",
      "error": "Generation failed"
    },
    {
      "destination": "east-midlands",
      "category": "Literary Trails of D.H. Lawrence",
      "error": "Generation failed"
    },
    {
      "destination": "blackpool",
      "category": "Blackpool Pleasure Beach Tours",
      "error": "Generation failed"
    },
    {
      "destination": "kutaisi",
      "category": "Monastery and Religious Site Visits",
      "error": "Generation failed"
    },
    {
      "destination": "saint-nazaire",
      "category": "Loire Estuary & Atlantic Coast Adventures",
      "error": "Generation failed"
    },
    {
      "destination": "albena",
      "category": "Bulgarian Culinary Experiences",
      "error": "Generation failed"
    },
    {
      "destination": "patras",
      "category": "Patras Carnival Experiences",
      "error": "Generation failed"
    },
    {
      "destination": "central-sweden",
      "category": "Fika and Local Food Experiences",
      "error": "Generation failed"
    },
    {
      "destination": "stykkisholmur",
      "category": "Snfellsnes Peninsula Exploration",
      "error": "Generation failed"
    },
    {
      "destination": "rosendal",
      "category": "Historical & Cultural Walks",
      "error": "Generation failed"
    },
    {
      "destination": "la-palma",
      "category": "Volcanic Landscape Treks",
      "error": "Generation failed"
    },
    {
      "destination": "praia-da-vitria",
      "category": "Terceira Island Nature Excursions",
      "error": "Generation failed"
    },
    {
      "destination": "falset",
      "category": "Priorat Wine Route Tours",
      "error": "Generation failed"
    },
    {
      "destination": "chinon",
      "category": "Chinon AOC Wine Tastings",
      "error": "Generation failed"
    },
    {
      "destination": "vieques",
      "category": "Historical Landmarks Tour in Vieques",
      "error": "Generation failed"
    },
    {
      "destination": "djanet",
      "category": "Djanet 4x4 Adventure Treks",
      "error": "Generation failed"
    },
    {
      "destination": "moshi",
      "category": "Moshi Local Market & City Tours",
      "error": "Generation failed"
    },
    {
      "destination": "praslin-island",
      "category": "Seychelles Beach Hopping Experiences",
      "error": "Generation failed"
    },
    {
      "destination": "gulf-of-thailand",
      "category": "Gulf of Thailand Island Hopping Tours",
      "error": "Generation failed"
    },
    {
      "destination": "gulf-of-thailand",
      "category": "Koh Tao Diving & Snorkeling Expeditions",
      "error": "Generation failed"
    },
    {
      "destination": "gulf-of-thailand",
      "category": "Ang Thong Marine Park Boat Trips",
      "error": "Generation failed"
    },
    {
      "destination": "gulf-of-thailand",
      "category": "Gulf Coast Seafood & Night Market Tours",
      "error": "Generation failed"
    },
    {
      "destination": "kagbeni",
      "category": "Kagbeni Village Walking Tours",
      "error": "Generation failed"
    },
    {
      "destination": "kagbeni",
      "category": "Upper Mustang Treks from Kagbeni",
      "error": "Generation failed"
    },
    {
      "destination": "kagbeni",
      "category": "Cultural Immersion in Kagbeni",
      "error": "Generation failed"
    },
    {
      "destination": "kagbeni",
      "category": "Muktinath Pilgrimage Tours",
      "error": "Generation failed"
    },
    {
      "destination": "kagbeni",
      "category": "Himalayan Landscape Photography Tours",
      "error": "Generation failed"
    },
    {
      "destination": "kagbeni",
      "category": "Local Homestay Experiences",
      "error": "Generation failed"
    },
    {
      "destination": "shilin-county",
      "category": "Stone Forest National Park Tours",
      "error": "Generation failed"
    },
    {
      "destination": "shilin-county",
      "category": "Yi Ethnic Culture Immersion",
      "error": "Generation failed"
    },
    {
      "destination": "shilin-county",
      "category": "Geological & Karst Landscape Exploration",
      "error": "Generation failed"
    },
    {
      "destination": "shilin-county",
      "category": "Local Village & Community Visits",
      "error": "Generation failed"
    },
    {
      "destination": "shilin-county",
      "category": "Nature Photography Expeditions",
      "error": "Generation failed"
    },
    {
      "destination": "shilin-county",
      "category": "Culinary & Folk Art Experiences",
      "error": "Generation failed"
    },
    {
      "destination": "shigar",
      "category": "Shigar Fort Tours",
      "error": "Generation failed"
    },
    {
      "destination": "shigar",
      "category": "Baltistan Cultural Immersions",
      "error": "Generation failed"
    },
    {
      "destination": "shigar",
      "category": "Karakoram Trekking Expeditions",
      "error": "Generation failed"
    },
    {
      "destination": "shigar",
      "category": "Balti Cuisine Experiences",
      "error": "Generation failed"
    },
    {
      "destination": "shigar",
      "category": "Historical Valley Exploration",
      "error": "Generation failed"
    },
    {
      "destination": "shigar",
      "category": "Adventure Sports in Gilgit-Baltistan",
      "error": "Generation failed"
    },
    {
      "destination": "rangiroa",
      "category": "Lagoon Excursions & Boat Trips",
      "error": "Generation failed"
    },
    {
      "destination": "kathmandu",
      "category": "Architectural Marvels Exploration",
      "error": "Generation failed"
    },
    {
      "destination": "da-lat",
      "category": "Da Lat Flower Garden Visits",
      "error": "Generation failed"
    },
    {
      "destination": "dharamsala",
      "category": "Spiritual & Buddhist Tours",
      "error": "Generation failed"
    },
    {
      "destination": "pune",
      "category": "Maratha Empire Heritage Tours",
      "error": "Generation failed"
    },
    {
      "destination": "malang",
      "category": "East Java Highland Exploration",
      "error": "Generation failed"
    },
    {
      "destination": "kaikoura",
      "category": "Kaikoura Whale Watching Tours",
      "error": "Generation failed"
    },
    {
      "destination": "lingui-county",
      "category": "Li River Cruise Tours",
      "error": "Generation failed"
    },
    {
      "destination": "albany",
      "category": "Wildflower & Nature Walks",
      "error": "Generation failed"
    },
    {
      "destination": "hopkins",
      "category": "Garifuna Cultural Tours",
      "error": "Generation failed"
    },
    {
      "destination": "guam",
      "category": "Chamorro Cultural Tours",
      "error": "Generation failed"
    },
    {
      "destination": "nara-prefecture",
      "category": "Culinary Delights of Nara",
      "error": "Generation failed"
    },
    {
      "destination": "yangshuo",
      "category": "Li River Cruises & Bamboo Rafting",
      "error": "Generation failed"
    },
    {
      "destination": "fiordland-milford-sound",
      "category": "Doubtful Sound Overnight Stays",
      "error": "Generation failed"
    }
  ],
  "totalCost": 19.630799999993805,
  "totalGuides": 18696,
  "startTime": "2025-12-07T17:17:21.718Z"
}