{
  "USA": [
    {"name": "Birmingham", "state": "AL", "slug": "birmingham"},
    {"name": "Daphne", "state": "AL", "slug": "daphne"},
    {"name": "Dauphin Island", "state": "AL", "slug": "dauphin-island"},
    {"name": "Fairhope", "state": "AL", "slug": "fairhope"},
    {"name": "Gulf Shores", "state": "AL", "slug": "gulf-shores"},
    {"name": "Hoover", "state": "AL", "slug": "hoover"},
    {"name": "Huntsville", "state": "AL", "slug": "huntsville"},
    {"name": "Lineville", "state": "AL", "slug": "lineville"},
    {"name": "Madison", "state": "AL", "slug": "madison"},
    {"name": "Mobile", "state": "AL", "slug": "mobile"},
    {"name": "Montgomery", "state": "AL", "slug": "montgomery"},
    {"name": "Opelika", "state": "AL", "slug": "opelika"},
    {"name": "Orange Beach", "state": "AL", "slug": "orange-beach"},
    {"name": "Anchorage", "state": "AK", "slug": "anchorage"},
    {"name": "Juneau", "state": "AK", "slug": "juneau"},
    {"name": "North Pole", "state": "AK", "slug": "north-pole"},
    {"name": "Wasilla", "state": "AK", "slug": "wasilla"},
    {"name": "Buckeye", "state": "AZ", "slug": "buckeye"},
    {"name": "Chandler", "state": "AZ", "slug": "chandler"},
    {"name": "Flagstaff", "state": "AZ", "slug": "flagstaff"},
    {"name": "Gilbert", "state": "AZ", "slug": "gilbert"},
    {"name": "Glendale", "state": "AZ", "slug": "glendale"},
    {"name": "Goodyear", "state": "AZ", "slug": "goodyear"},
    {"name": "Maricopa", "state": "AZ", "slug": "maricopa"},
    {"name": "Mesa", "state": "AZ", "slug": "mesa"},
    {"name": "Peoria", "state": "AZ", "slug": "peoria"},
    {"name": "Phoenix", "state": "AZ", "slug": "phoenix"},
    {"name": "Pine", "state": "AZ", "slug": "pine"},
    {"name": "Prescott", "state": "AZ", "slug": "prescott"},
    {"name": "San Tan Valley", "state": "AZ", "slug": "san-tan-valley"},
    {"name": "Scottsdale", "state": "AZ", "slug": "scottsdale"},
    {"name": "Sedona", "state": "AZ", "slug": "sedona"},
    {"name": "Show Low", "state": "AZ", "slug": "show-low"},
    {"name": "Surprise", "state": "AZ", "slug": "surprise"},
    {"name": "Tempe", "state": "AZ", "slug": "tempe"},
    {"name": "Tucson", "state": "AZ", "slug": "tucson"},
    {"name": "Williams", "state": "AZ", "slug": "williams"},
    {"name": "Bentonville", "state": "AR", "slug": "bentonville"},
    {"name": "Fayetteville", "state": "AR", "slug": "fayetteville"},
    {"name": "Hot Springs", "state": "AR", "slug": "hot-springs"},
    {"name": "Jonesboro", "state": "AR", "slug": "jonesboro"},
    {"name": "Little Rock", "state": "AR", "slug": "little-rock"},
    {"name": "Rogers", "state": "AR", "slug": "rogers"},
    {"name": "Springdale", "state": "AR", "slug": "springdale"},
    {"name": "Alameda", "state": "CA", "slug": "alameda"},
    {"name": "Anaheim", "state": "CA", "slug": "anaheim"},
    {"name": "Azusa", "state": "CA", "slug": "azusa"},
    {"name": "Big Bear", "state": "CA", "slug": "big-bear"},
    {"name": "Big Sur", "state": "CA", "slug": "big-sur"},
    {"name": "Burbank", "state": "CA", "slug": "burbank"},
    {"name": "Carlsbad", "state": "CA", "slug": "carlsbad"},
    {"name": "Corona", "state": "CA", "slug": "corona"},
    {"name": "Coronado", "state": "CA", "slug": "coronado"},
    {"name": "Coto de Caza", "state": "CA", "slug": "coto-de-caza"},
    {"name": "Disneyland", "state": "CA", "slug": "disneyland"},
    {"name": "East Bay", "state": "CA", "slug": "east-bay"},
    {"name": "El Cerrito", "state": "CA", "slug": "el-cerrito"},
    {"name": "Eureka", "state": "CA", "slug": "eureka"},
    {"name": "Fairfield", "state": "CA", "slug": "fairfield"},
    {"name": "Fremont", "state": "CA", "slug": "fremont"},
    {"name": "Fresno", "state": "CA", "slug": "fresno"},
    {"name": "Heavenly", "state": "CA", "slug": "heavenly"},
    {"name": "Hermosa Beach", "state": "CA", "slug": "hermosa-beach"},
    {"name": "Hollister", "state": "CA", "slug": "hollister"},
    {"name": "Hollywood", "state": "CA", "slug": "hollywood"},
    {"name": "Huntington Beach", "state": "CA", "slug": "huntington-beach"},
    {"name": "Inland Empire", "state": "CA", "slug": "inland-empire"},
    {"name": "Irvine", "state": "CA", "slug": "irvine"},
    {"name": "Joshua Tree", "state": "CA", "slug": "joshua-tree"},
    {"name": "Laguna Beach", "state": "CA", "slug": "laguna-beach"},
    {"name": "Lake County", "state": "CA", "slug": "lake-county"},
    {"name": "Lake Elsinore", "state": "CA", "slug": "lake-elsinore"},
    {"name": "Lake Tahoe", "state": "CA", "slug": "lake-tahoe"},
    {"name": "LAX", "state": "CA", "slug": "los-angeles-airport", "altSlug": "los-angeles"},
    {"name": "Lee Vining", "state": "CA", "slug": "lee-vining"},
    {"name": "Long Beach", "state": "CA", "slug": "long-beach"},
    {"name": "Los Angeles", "state": "CA", "slug": "los-angeles"},
    {"name": "Los Gatos", "state": "CA", "slug": "los-gatos"},
    {"name": "Malibu", "state": "CA", "slug": "malibu"},
    {"name": "Mammoth Lakes", "state": "CA", "slug": "mammoth-lakes"},
    {"name": "Manhattan Beach", "state": "CA", "slug": "manhattan-beach"},
    {"name": "Marin County", "state": "CA", "slug": "marin-county"},
    {"name": "Modesto", "state": "CA", "slug": "modesto"},
    {"name": "Monterey", "state": "CA", "slug": "monterey-california", "altSlug": "monterey"},
    {"name": "Murrieta", "state": "CA", "slug": "murrieta"},
    {"name": "Napa", "state": "CA", "slug": "napa"},
    {"name": "Newport Beach", "state": "CA", "slug": "newport-beach"},
    {"name": "North Lake Tahoe", "state": "CA", "slug": "north-lake-tahoe", "altSlug": "lake-tahoe"},
    {"name": "Northstar", "state": "CA", "slug": "northstar"},
    {"name": "Oakhurst", "state": "CA", "slug": "oakhurst"},
    {"name": "Oakland", "state": "CA", "slug": "oakland"},
    {"name": "Oceanside", "state": "CA", "slug": "oceanside"},
    {"name": "Ontario", "state": "CA", "slug": "ontario-ca", "altSlug": "ontario"},
    {"name": "Orange County", "state": "CA", "slug": "orange-county"},
    {"name": "Palm Desert", "state": "CA", "slug": "palm-desert"},
    {"name": "Palm Springs", "state": "CA", "slug": "palm-springs"},
    {"name": "Palo Alto", "state": "CA", "slug": "palo-alto"},
    {"name": "Pasadena", "state": "CA", "slug": "pasadena"},
    {"name": "Paso Robles", "state": "CA", "slug": "paso-robles"},
    {"name": "Petaluma", "state": "CA", "slug": "petaluma"},
    {"name": "Rancho Palos Verdes", "state": "CA", "slug": "rancho-palos-verdes"},
    {"name": "Redlands", "state": "CA", "slug": "redlands"},
    {"name": "Redwood City", "state": "CA", "slug": "redwood-city"},
    {"name": "Resort at Squaw Creek", "state": "CA", "slug": "squaw-creek"},
    {"name": "Roseville", "state": "CA", "slug": "roseville"},
    {"name": "Sacramento", "state": "CA", "slug": "sacramento"},
    {"name": "San Bernardino", "state": "CA", "slug": "san-bernardino"},
    {"name": "San Bruno", "state": "CA", "slug": "san-bruno"},
    {"name": "San Diego", "state": "CA", "slug": "san-diego"},
    {"name": "San Fernando Valley", "state": "CA", "slug": "san-fernando-valley"},
    {"name": "San Francisco", "state": "CA", "slug": "san-francisco"},
    {"name": "San Francisco International Airport", "state": "CA", "slug": "san-francisco-airport", "altSlug": "san-francisco"},
    {"name": "San Gabriel Valley", "state": "CA", "slug": "san-gabriel-valley"},
    {"name": "San Jose", "state": "CA", "slug": "san-jose-california", "altSlug": "san-jose"},
    {"name": "San Luis Obispo", "state": "CA", "slug": "san-luis-obispo"},
    {"name": "San Mateo", "state": "CA", "slug": "san-mateo"},
    {"name": "San Ramon", "state": "CA", "slug": "san-ramon"},
    {"name": "Santa Ana", "state": "CA", "slug": "santa-ana"},
    {"name": "Santa Barbara", "state": "CA", "slug": "santa-barbara"},
    {"name": "Santa Clarita", "state": "CA", "slug": "santa-clarita"},
    {"name": "Santa Cruz", "state": "CA", "slug": "santa-cruz"},
    {"name": "Santa Monica", "state": "CA", "slug": "santa-monica"},
    {"name": "Santa Rosa", "state": "CA", "slug": "santa-rosa"},
    {"name": "Sea Ranch", "state": "CA", "slug": "sea-ranch"},
    {"name": "Sherman Oaks", "state": "CA", "slug": "sherman-oaks"},
    {"name": "Solano County", "state": "CA", "slug": "solano-county"},
    {"name": "Solvang", "state": "CA", "slug": "solvang"},
    {"name": "Sonoma", "state": "CA", "slug": "sonoma"},
    {"name": "Sonora", "state": "CA", "slug": "sonora"},
    {"name": "South Bay", "state": "CA", "slug": "south-bay"},
    {"name": "South Lake Tahoe", "state": "CA", "slug": "south-lake-tahoe", "altSlug": "lake-tahoe"},
    {"name": "Squaw Creek", "state": "CA", "slug": "squaw-creek"},
    {"name": "Stockton", "state": "CA", "slug": "stockton"},
    {"name": "Sunnyvale", "state": "CA", "slug": "sunnyvale"},
    {"name": "Temecula", "state": "CA", "slug": "temecula"},
    {"name": "Thousand Oaks", "state": "CA", "slug": "thousand-oaks"},
    {"name": "Torrance", "state": "CA", "slug": "torrance"},
    {"name": "Ventura County", "state": "CA", "slug": "ventura-county"},
    {"name": "Visalia", "state": "CA", "slug": "visalia"},
    {"name": "Vista", "state": "CA", "slug": "vista"},
    {"name": "Woodland Hills", "state": "CA", "slug": "woodland-hills"},
    {"name": "Yosemite", "state": "CA", "slug": "yosemite"}
  ]
}
